date,gazole,sp95,e10,sp98,e85,gplc
2026-01-01,1.649,1.717,1.696,1.806,0.776,0.983
2026-01-02,1.619,1.689,1.666,1.765,0.755,0.972
2026-01-03,1.624,1.689,1.671,1.773,0.760,0.971
2026-01-04,1.647,1.689,1.692,1.796,0.777,0.973
2026-01-05,1.633,1.702,1.680,1.780,0.762,0.977
2026-01-06,1.643,1.709,1.689,1.791,0.764,0.975
2026-01-07,1.644,1.707,1.687,1.791,0.768,0.972
2026-01-08,1.646,1.705,1.690,1.792,0.766,0.972
2026-01-09,1.643,1.705,1.688,1.791,0.769,0.973
2026-01-10,1.643,1.702,1.688,1.792,0.773,0.971
2026-01-11,1.664,1.697,1.710,1.821,0.763,1.017
2026-01-12,1.647,1.709,1.691,1.798,0.770,0.977
2026-01-13,1.650,1.719,1.693,1.797,0.774,0.973
2026-01-14,1.657,1.723,1.698,1.803,0.774,0.975
2026-01-15,1.665,1.726,1.703,1.807,0.776,0.973
2026-01-16,1.664,1.726,1.699,1.803,0.773,0.971
2026-01-17,1.671,1.714,1.705,1.811,0.781,0.978
2026-01-18,1.683,1.710,1.715,1.823,0.793,0.973
2026-01-19,1.666,1.722,1.698,1.809,0.758,0.995
2026-01-20,1.676,1.727,1.699,1.808,0.780,0.972
2026-01-21,1.677,1.723,1.699,1.808,0.779,0.972
2026-01-22,1.686,1.726,1.703,1.812,0.779,0.972
2026-01-23,1.679,1.726,1.698,1.805,0.775,0.970
2026-01-24,1.684,1.712,1.702,1.811,0.781,0.972
2026-01-25,1.697,1.708,1.713,1.823,0.795,0.973
2026-01-26,1.680,1.723,1.699,1.806,0.778,0.966
2026-01-27,1.688,1.728,1.704,1.812,0.781,0.973
2026-01-28,1.687,1.724,1.700,1.811,0.780,0.973
2026-01-29,1.692,1.726,1.704,1.815,0.781,0.973
2026-01-30,1.691,1.729,1.703,1.812,0.778,0.972
2026-01-31,1.698,1.718,1.706,1.818,0.780,0.973
2026-02-01,1.713,1.717,1.718,1.831,0.794,0.974
2026-02-02,1.692,1.728,1.700,1.808,0.775,0.970
2026-02-03,1.698,1.731,1.703,1.809,0.780,0.971
2026-02-04,1.699,1.728,1.704,1.812,0.780,0.973
2026-02-05,1.702,1.731,1.707,1.818,0.781,0.978
2026-02-06,1.700,1.733,1.706,1.815,0.777,0.974
2026-02-07,1.703,1.728,1.711,1.823,0.782,0.976
2026-02-08,1.713,1.722,1.720,1.832,0.790,0.974
2026-02-09,1.696,1.732,1.705,1.814,0.775,0.976
2026-02-10,1.699,1.737,1.711,1.819,0.780,0.971
2026-02-11,1.698,1.738,1.714,1.821,0.779,0.973
2026-02-12,1.705,1.742,1.720,1.829,0.777,0.972
2026-02-13,1.698,1.744,1.715,1.823,0.777,0.971
2026-02-14,1.696,1.733,1.714,1.825,0.782,0.971
2026-02-15,1.716,1.731,1.733,1.851,0.770,1.020
2026-02-16,1.691,1.739,1.710,1.819,0.774,0.957
2026-02-17,1.693,1.733,1.711,1.823,0.779,0.973
2026-02-18,1.691,1.736,1.708,1.820,0.779,0.971
2026-02-19,1.696,1.733,1.709,1.823,0.776,0.970
2026-02-20,1.652,1.683,1.653,1.771,0.739,0.970
2026-02-21,1.677,1.699,1.681,1.798,0.758,0.976
2026-02-22,1.711,1.718,1.716,1.830,0.781,0.972
2026-02-23,1.701,1.738,1.706,1.817,0.774,0.971
2026-02-24,1.717,1.749,1.719,1.832,0.783,0.975
2026-02-25,1.722,1.755,1.723,1.835,0.784,0.977
2026-02-26,1.725,1.756,1.728,1.838,0.785,0.974
2026-02-27,1.727,1.757,1.727,1.837,0.785,0.972
2026-02-28,1.733,1.756,1.733,1.844,0.785,0.972
2026-03-01,1.754,1.745,1.755,1.867,0.797,0.976
2026-03-02,1.742,1.779,1.737,1.849,0.794,0.984
2026-03-03,1.817,1.818,1.772,1.881,0.795,0.990
2026-03-04,1.892,1.835,1.789,1.898,0.789,0.981
2026-03-05,1.945,1.853,1.799,1.908,0.792,0.980
2026-03-06,1.983,1.865,1.822,1.930,0.801,0.983
2026-03-07,1.998,1.854,1.836,1.940,0.807,0.980
2026-03-08,2.007,1.847,1.853,1.953,0.817,0.982
2026-03-09,2.020,1.879,1.842,1.947,0.814,0.981
2026-03-10,2.046,1.904,1.867,1.965,0.814,0.983
2026-03-11,2.041,1.906,1.871,1.970,0.815,0.980
2026-03-12,2.030,1.902,1.885,1.978,0.812,0.979
2026-03-13,2.050,1.915,1.902,1.989,0.812,0.979
2026-03-14,2.043,1.900,1.897,1.989,0.809,0.977
2026-03-15,2.056,1.894,1.917,2.005,0.828,0.980
2026-03-16,2.059,1.925,1.906,2.000,0.812,0.983
2026-03-17,2.088,1.941,1.932,2.014,0.825,0.987
2026-03-18,2.088,1.941,1.937,2.020,0.828,0.987
2026-03-19,2.111,1.956,1.950,2.036,0.835,0.992
2026-03-20,2.149,1.991,1.969,2.049,0.831,0.990
2026-03-21,2.161,1.998,1.983,2.050,0.832,0.988
2026-03-22,2.151,1.997,1.993,2.040,0.847,0.985
2026-03-23,2.210,2.021,1.996,2.074,0.841,0.991
2026-03-24,2.234,2.034,1.995,2.079,0.844,0.995
2026-03-25,2.216,2.026,1.995,2.066,0.841,0.988
2026-03-26,2.203,2.018,1.967,2.054,0.839,0.989
2026-03-27,2.200,2.010,1.980,2.059,0.835,0.995
2026-03-28,2.200,2.008,1.986,2.053,0.830,0.993
2026-03-29,2.173,2.007,1.992,2.043,0.846,0.994
2026-03-30,2.232,2.021,1.992,2.074,0.841,1.001
2026-03-31,2.242,2.035,2.000,2.077,0.834,1.002
2026-04-01,2.242,2.040,2.000,2.074,0.831,1.002
2026-04-02,2.254,2.043,2.009,2.090,0.847,1.020
2026-04-03,2.295,2.059,2.015,2.103,0.842,1.023
2026-04-04,2.301,2.048,2.014,2.092,0.837,1.025
2026-04-05,2.280,2.042,2.019,2.088,0.863,1.033
2026-04-06,2.307,2.047,2.024,2.102,0.858,1.034
2026-04-07,2.357,2.060,2.015,2.102,0.841,1.028
2026-04-08,2.388,2.069,2.023,2.106,0.843,1.044
2026-04-09,2.345,2.041,1.998,2.088,0.851,1.048
2026-04-10,2.319,2.033,1.992,2.083,0.864,1.060
2026-04-11,2.299,2.025,1.990,2.077,0.870,1.067
2026-04-12,2.284,2.032,1.991,2.061,0.881,1.069
2026-04-13,2.293,2.028,1.989,2.075,0.870,1.063
2026-04-14,2.295,2.033,1.995,2.076,0.876,1.068
2026-04-15,2.274,2.037,1.990,2.076,0.874,1.077
2026-04-16,2.245,2.022,1.984,2.064,0.865,1.075
2026-04-17,2.231,2.022,1.981,2.068,0.865,1.085
2026-04-18,2.182,2.015,1.955,2.048,0.868,1.080
2026-04-19,2.156,2.018,1.954,2.041,0.878,1.086
2026-04-20,2.179,2.014,1.963,2.056,0.860,1.082
2026-04-21,2.164,2.004,1.968,2.053,0.863,1.084
2026-04-22,2.159,2.008,1.974,2.054,0.863,1.085
2026-04-23,2.176,2.011,1.982,2.059,0.867,1.085
2026-04-24,2.179,2.021,1.989,2.068,0.865,1.087
2026-04-25,2.186,2.019,1.994,2.064,0.869,1.089
2026-04-26,2.200,2.015,1.996,2.055,0.876,1.092
2026-04-27,2.187,2.032,1.999,2.077,0.865,1.089
2026-04-28,2.201,2.040,2.007,2.083,0.868,1.093
2026-04-29,2.201,2.043,2.010,2.084,0.869,1.093
2026-04-30,2.207,2.051,2.018,2.095,0.867,1.092
2026-05-01,2.155,2.038,2.012,2.052,0.886,1.083
2026-05-02,2.157,2.059,2.019,2.090,0.862,1.085
2026-05-03,2.201,2.058,2.022,2.112,0.853,1.073
2026-05-04,2.225,2.065,2.03,2.119,0.852,1.077
