2026-05-03 19:50:34,AGENCOURT,21,
2026-05-03 19:50:50,L ABERGEMENT CLEMENCIAT,01,
2026-05-03 20:00:51,L ABERGEMENT CLEMENCIAT,01,
2026-05-03 20:00:52,L ABERGEMENT CLEMENCIAT,01,
2026-05-03 20:00:54,L ABERGEMENT CLEMENCIAT,01,
2026-05-03 20:00:54,L ABERGEMENT CLEMENCIAT,01,
2026-05-03 20:00:54,L ABERGEMENT CLEMENCIAT,01,
2026-05-03 20:00:55,L ABERGEMENT CLEMENCIAT,01,
2026-05-03 20:00:55,L ABERGEMENT CLEMENCIAT,01,
2026-05-03 20:00:55,L ABERGEMENT CLEMENCIAT,01,
2026-05-03 20:00:55,L ABERGEMENT CLEMENCIAT,01,
2026-05-03 23:22:32,L ABERGEMENT CLEMENCIAT,01,
2026-05-03 23:25:03,PARIS 02,75,
2026-05-03 23:50:01,AUTICHAMP,26,
2026-05-04 00:37:25,AGONGES,03,
2026-05-04 00:37:45,AGONGES,03,
2026-05-04 00:38:02,AGONGES,03,
2026-05-04 00:39:50,AGONGES,03,
2026-05-04 00:40:15,AGONGES,03,
2026-05-04 00:40:25,AGONGES,03,
2026-05-04 00:40:27,AGONGES,03,
2026-05-04 00:40:29,AGONGES,03,
2026-05-04 00:40:41,AGONGES,03,
2026-05-04 00:40:45,AGONGES,03,
2026-05-04 00:40:46,AGONGES,03,
2026-05-04 00:40:47,AGONGES,03,
2026-05-04 00:40:50,AGONGES,03,
2026-05-04 00:40:54,AGONGES,03,
2026-05-04 00:40:56,AGONGES,03,
2026-05-04 00:41:11,AGONGES,03,
2026-05-04 00:41:19,AGONGES,03,
2026-05-04 00:42:11,AGONGES,03,
2026-05-04 00:43:41,AGONGES,03,
2026-05-04 00:43:44,AGONGES,03,
2026-05-04 01:15:23,BEAUCHAMP,95,
2026-05-04 01:15:24,BEAUCHAMP,95,
2026-05-04 01:15:25,BEAUCHAMP,95,
2026-05-04 01:15:28,BEAUCHAMP,95,
2026-05-04 01:15:48,BEAUCHAMP,95,
2026-05-04 01:17:37,BEAUCHAMP,95,
2026-05-04 01:19:14,BEAUCHAMP,95,
2026-05-04 01:19:17,BEAUCHAMP,95,
2026-05-04 01:20:11,BEAUCHAMP,95,
2026-05-04 01:20:45,BEAUCHAMP,95,
2026-05-04 01:21:41,BEAUCHAMP,95,
2026-05-04 01:22:38,BEAUCHAMP,95,
2026-05-04 01:22:56,BEAUCHAMP,95,
2026-05-04 01:40:01,ACIGNE,35,
2026-05-04 01:40:22,ACIGNE,35,
2026-05-04 01:41:50,ACIGNE,35,
2026-05-04 01:41:54,ACIGNE,35,
2026-05-04 01:41:57,ACIGNE,35,
2026-05-04 01:42:08,ACIGNE,35,
2026-05-04 01:42:22,ACIGNE,35,
2026-05-04 01:42:29,ACIGNE,35,
2026-05-04 01:45:55,ACIGNE,35,
2026-05-04 01:45:59,ACIGNE,35,
2026-05-04 01:46:06,ACIGNE,35,
2026-05-04 01:46:08,ACIGNE,35,
2026-05-04 01:46:10,ACIGNE,35,
2026-05-04 01:46:12,ACIGNE,35,
2026-05-04 01:46:14,ACIGNE,35,
2026-05-04 02:02:44,ACHERES,18,
2026-05-04 02:12:43,AMBLEON,01,
2026-05-04 02:51:12,AMBLEON,01,
2026-05-04 09:54:57,AMBLEON,01,
2026-05-04 10:05:57,PARIS 02,75,
2026-05-04 10:06:14,CHAMPAGNE SUR OISE,95,
2026-05-04 10:08:02,CHAMPAGNE SUR OISE,95,
2026-05-04 10:08:08,CHAMPAGNE SUR OISE,95,
2026-05-04 11:29:31,ANDEL,22,
2026-05-04 11:29:38,BOBITAL,22,
2026-05-04 11:29:41,BOURBRIAC,22,
2026-05-04 11:29:44,CAULNES,22,
2026-05-04 11:29:47,CORLAY,22,
2026-05-04 11:29:50,GURUNHUEL,22,
2026-05-04 11:29:53,LANGUEUX,22,
2026-05-04 11:29:55,PAULE,22,
2026-05-04 11:30:00,ST ANDRE DES EAUX,22,
2026-05-04 11:58:48,AUBERIVE,51,
2026-05-04 13:46:41,AMBLEON,01,
2026-05-04 13:46:46,AMBLEON,01,
2026-05-04 13:46:52,AMBLEON,01,
2026-05-04 13:46:52,AMBLEON,01,
2026-05-04 13:46:56,AMBLEON,01,
2026-05-04 13:47:11,AMBLEON,01,
2026-05-04 13:47:11,AMBLEON,01,
2026-05-04 13:47:15,AMBLEON,01,
2026-05-04 13:47:16,AMBLEON,01,
2026-05-04 13:47:19,AMBLEON,01,
2026-05-04 13:47:21,AMBLEON,01,
2026-05-04 13:47:44,AMBLEON,01,
2026-05-04 13:48:42,AMBLEON,01,
2026-05-04 14:24:10,AMBLEON,01,
2026-05-04 14:24:12,AMBLEON,01,
2026-05-04 14:24:18,AMBLEON,01,
2026-05-04 14:24:23,AMBLEON,01,
2026-05-04 14:24:27,AMBLEON,01,
2026-05-04 14:24:38,AMBLEON,01,
2026-05-04 14:26:38,AMBLEON,01,
2026-05-04 14:26:38,AMBLEON,01,
2026-05-04 14:26:42,AMBLEON,01,
2026-05-04 14:26:43,AMBLEON,01,
2026-05-04 14:26:47,AMBLEON,01,
2026-05-04 14:26:50,AMBLEON,01,
2026-05-04 14:42:17,AMBLEON,01,
2026-05-04 14:42:17,AMBLEON,01,
2026-05-04 14:42:21,AMBLEON,01,
2026-05-04 14:42:21,AMBLEON,01,
2026-05-04 14:42:25,AMBLEON,01,
2026-05-04 14:42:25,AMBLEON,01,
2026-05-04 14:46:47,AMBLEON,01,
2026-05-04 14:46:48,AMBLEON,01,
2026-05-04 14:46:52,AMBLEON,01,
2026-05-04 14:46:52,AMBLEON,01,
2026-05-04 14:46:58,AMBLEON,01,
2026-05-04 14:46:58,AMBLEON,01,
2026-05-04 14:54:30,AMBLEON,01,
2026-05-04 14:54:30,AMBLEON,01,
2026-05-04 14:54:34,AMBLEON,01,
2026-05-04 14:54:35,AMBLEON,01,
2026-05-04 14:54:39,AMBLEON,01,
2026-05-04 14:54:40,AMBLEON,01,
2026-05-04 15:04:02,AMBLEON,01,
2026-05-04 15:04:02,AMBLEON,01,
2026-05-04 15:04:05,AMBLEON,01,
2026-05-04 15:04:06,AMBLEON,01,
2026-05-04 15:04:09,AMBLEON,01,
2026-05-04 15:04:11,AMBLEON,01,
2026-05-04 15:15:24,AMBLEON,01,
2026-05-04 15:16:54,AMBLEON,01,
2026-05-04 16:01:20,ST ANDRE DES EAUX,22,
2026-05-04 16:01:26,ST ANDRE DES EAUX,22,
2026-05-04 16:01:35,ST ANDRE DES EAUX,22,
2026-05-04 16:02:01,ST ANDRE DES EAUX,22,
2026-05-04 16:02:07,ST ANDRE DES EAUX,22,
2026-05-04 16:02:08,ST ANDRE DES EAUX,22,
2026-05-04 16:02:13,ST ANDRE DES EAUX,22,
2026-05-04 16:56:22,ABERGEMENT LES THESY,39,
2026-05-04 17:14:44,AUBERIVE,51,
2026-05-04 18:31:01,ACHERES,78,
2026-05-04 18:31:05,ACHERES,78,
2026-05-04 18:31:09,ACHERES,78,
2026-05-04 18:31:11,ACHERES,78,
2026-05-04 18:31:12,ACHERES,78,
2026-05-04 18:31:13,ACHERES,78,
2026-05-04 22:22:14,AMATHAY VESIGNEUX,25,
2026-05-04 22:22:25,AMATHAY VESIGNEUX,25,
2026-05-04 22:22:27,AMATHAY VESIGNEUX,25,
2026-05-04 22:22:29,AMATHAY VESIGNEUX,25,
2026-05-04 22:25:44,AVREE,58,
2026-05-04 22:25:51,AVREE,58,
2026-05-04 22:25:54,AVREE,58,
2026-05-04 22:25:55,AVREE,58,
2026-05-04 22:25:59,AVREE,58,
2026-05-04 22:30:51,AVREE,58,
2026-05-04 22:30:54,AVREE,58,
2026-05-04 22:30:55,AVREE,58,
2026-05-04 22:30:57,AVREE,58,
2026-05-04 22:31:01,AVREE,58,
2026-05-04 22:31:02,AVREE,58,
2026-05-04 22:31:07,AVREE,58,
2026-05-04 22:32:41,ACHERES,78,
2026-05-04 22:32:43,ACHERES,78,
2026-05-04 22:32:45,ACHERES,78,
